R-PEAK AMPLITUDE PEAK INDEX, TIME, AMPLITUDE, COMPUTED RESPIRATORY RATE (BREATHS PER MINUTE), BENCHMARK RESPIRATORY RATE (BREATHS PER MINUTE)
101186,1011.86,152, , 
101813,1018.13,144, , 
102050,1020.5,151, , 
102758,1027.58,148, , 
103312,1033.12,150, , 
103553,1035.53,144, , 
104641,1046.41,151, , 
105029,1050.29,135, , 
105338,1053.38,144, , 
105493,1054.93,132, , 
108311,1083.11,144, , 
109165,1091.65,138, , 
 , , , 7.5, 14.375
110627,1106.27,132, , 
110934,1109.34,128, , 
111247,1112.47,127, , 
111563,1115.63,158, , 
111801,1118.01,147, , 
112119,1121.19,141, , 
112588,1125.88,129, , 
113794,1137.94,137, , 
114031,1140.31,135, , 
114191,1141.91,148, , 
114828,1148.28,135, , 
115065,1150.65,127, , 
115699,1156.99,135, , 
116785,1167.85,150, , 
117094,1170.94,133, , 
117490,1174.9,127, , 
117650,1176.5,141, , 
 , , , 10.625, 10.0
119811,1198.11,124, , 
120209,1202.09,141, , 
120597,1205.97,139, , 
120826,1208.26,180, , 
121143,1211.43,169, , 
121462,1214.62,177, , 
121708,1217.08,163, , 
124772,1247.72,139, , 
125249,1252.49,168, , 
128112,1281.12,140, , 
128350,1283.5,155, , 
128598,1285.98,156, , 
 , , , 7.5, 6.25
129093,1290.93,162, , 
129337,1293.37,138, , 
131282,1312.82,165, , 
131441,1314.41,131, , 
131603,1316.03,178, , 
131847,1318.47,137, , 
132094,1320.94,157, , 
136529,1365.29,150, , 
136705,1367.05,153, , 
137136,1371.36,123, , 
137778,1377.78,177, , 
138007,1380.07,166, , 
138316,1383.16,155, , 
 , , , 8.125, 4.375
138549,1385.49,138, , 
140803,1408.03,140, , 
141822,1418.22,132, , 
142069,1420.69,149, , 
142309,1423.09,155, , 
142542,1425.42,154, , 
142851,1428.51,169, , 
145902,1459.02,147, , 
146322,1463.22,150, , 
146567,1465.67,146, , 
147046,1470.46,131, , 
147209,1472.09,139, , 
147455,1474.55,149, , 
147619,1476.19,127, , 
147781,1477.81,150, , 
 , , , 9.375, 5.0
149571,1495.71,138, , 
149894,1498.94,141, , 
150059,1500.59,133, , 
150494,1504.94,137, , 
150749,1507.49,153, , 
151250,1512.5,139, , 
151725,1517.25,187, , 
152801,1528.01,152, , 
154698,1546.98,141, , 
155227,1552.27,127, , 
155587,1555.87,144, , 
155768,1557.68,140, , 
156203,1562.03,178, , 
156994,1569.94,151, , 
157312,1573.12,161, , 
157716,1577.16,137, , 
 , , , 10.0, 2.5
159624,1596.24,130, , 
159879,1598.79,128, , 
160293,1602.93,150, , 
160450,1604.5,141, , 
160685,1606.85,139, , 
160838,1608.38,142, , 
160990,1609.9,134, , 
163236,1632.36,145, , 
163397,1633.97,153, , 
164080,1640.8,147, , 
164333,1643.33,147, , 
164588,1645.88,142, , 
164844,1648.44,150, , 
165338,1653.38,142, , 
165656,1656.56,166, , 
166127,1661.27,149, , 
166367,1663.67,156, , 
167473,1674.73,156, , 
 , , , 11.25, 5.0
167640,1676.4,138, , 
168560,1685.6,132, , 
168801,1688.01,125, , 
169112,1691.12,162, , 
169336,1693.36,148, , 
169558,1695.58,125, , 
169708,1697.08,138, , 
170333,1703.33,137, , 
170888,1708.88,147, , 
173434,1734.34,169, , 
173746,1737.46,148, , 
173988,1739.88,158, , 
178134,1781.34,152, , 
178544,1785.44,146, , 
 , , , 8.75, 4.375
179494,1794.94,179, , 
180170,1801.7,154, , 
180420,1804.2,257, , 
180472,1804.72,175, , 
180540,1805.4,232, , 
181038,1810.38,203, , 
181823,1818.23,167, , 
183185,1831.85,159, , 
183649,1836.49,179, , 
183950,1839.5,175, , 
184495,1844.95,166, , 
186509,1865.09,136, , 
 , , , 7.5, 7.5
186739,1867.39,176, , 
186967,1869.67,145, , 
187118,1871.18,149, , 
187567,1875.67,150, , 
190663,1906.63,132, , 
191113,1911.13,138, , 
191766,1917.66,128, , 
192031,1920.31,159, , 
192427,1924.27,177, , 
192579,1925.79,179, , 
193050,1930.5,150, , 
195869,1958.69,140, , 
196111,1961.11,154, , 
196433,1964.33,146, , 
197021,1970.21,137, , 
197343,1973.43,156, , 
197645,1976.45,168, , 
197865,1978.65,153, , 
 , , , 11.25, 8.125
198156,1981.56,185, , 
198843,1988.43,213, , 
198916,1989.16,171, , 
199210,1992.1,254, , 
199972,1999.72,151, , 
 , , , 3.125, 10.625
205796,2057.96,106, , 
206036,2060.36,109, , 
208778,2087.78,119, , 
209139,2091.39,127, , 
209572,2095.72,117, , 
210210,2102.1,122, , 
213604,2136.04,126, , 
213819,2138.19,117, , 
214332,2143.32,124, , 
 , , , 5.625, 8.75
217420,2174.2,102, , 
217790,2177.9,131, , 
219122,2191.22,97, , 
220440,2204.4,93, , 
221276,2212.76,99, , 
221644,2216.44,117, , 
222079,2220.79,97, , 
223203,2232.03,104, , 
224524,2245.24,95, , 
224754,2247.54,92, , 
 , , , 6.25, 8.125
225371,2253.71,141, , 
225521,2255.21,116, , 
226557,2265.57,99, , 
229295,2292.95,157, , 
229521,2295.21,118, , 
229972,2299.72,114, , 
230282,2302.82,100, , 
232725,2327.25,106, , 
233374,2333.74,128, , 
235034,2350.34,114, , 
236498,2364.98,103, , 
 , , , 6.875, 8.125
237440,2374.4,126, , 
237803,2378.03,158, , 
238094,2380.94,140, , 
238318,2383.18,128, , 
241702,2417.02,135, , 
242008,2420.08,124, , 
242298,2422.98,140, , 
242516,2425.16,159, , 
242744,2427.44,139, , 
243162,2431.62,138, , 
243876,2438.76,116, , 
 , , , 6.875, 10.625
244833,2448.33,113, , 
245246,2452.46,131, , 
245559,2455.59,110, , 
245788,2457.88,133, , 
246775,2467.75,121, , 
248013,2480.13,116, , 
248649,2486.49,119, , 
249549,2495.49,134, , 
249849,2498.49,124, , 
250145,2501.45,142, , 
250532,2505.32,124, , 
251046,2510.46,127, , 
252621,2526.21,119, , 
253699,2536.99,121, , 
 , , , 8.75, 9.375
254178,2541.78,144, , 
254405,2544.05,125, , 
257897,2578.97,115, , 
258389,2583.89,115, , 
258797,2587.97,143, , 
258950,2589.5,132, , 
259315,2593.15,144, , 
259767,2597.67,123, , 
262825,2628.25,124, , 
263074,2630.74,113, , 
 , , , 6.25, 9.375
263410,2634.1,139, , 
263726,2637.26,117, , 
264164,2641.64,123, , 
265338,2653.38,126, , 
266858,2668.58,122, , 
268179,2681.79,147, , 
268330,2683.3,131, , 
268838,2688.38,120, , 
270021,2700.21,114, , 
271810,2718.1,120, , 
272331,2723.31,123, , 
272742,2727.42,150, , 
 , , , 7.5, 10.625
273116,2731.16,131, , 
273338,2733.38,131, , 
274355,2743.55,103, , 
275503,2755.03,107, , 
276238,2762.38,113, , 
276661,2766.61,118, , 
277006,2770.06,144, , 
277168,2771.68,141, , 
277470,2774.7,118, , 
278075,2780.75,108, , 
280859,2808.59,131, , 
281363,2813.63,169, , 
281519,2815.19,150, , 
281884,2818.84,137, , 
282329,2823.29,123, , 
283280,2832.8,117, , 
283985,2839.85,114, , 
 , , , 10.625, 10.0
285687,2856.87,132, , 
287095,2870.95,221, , 
287242,2872.42,118, , 
287361,2873.61,157, , 
290287,2902.87,161, , 
290961,2909.61,122, , 
 , , , 3.75, 8.125
293605,2936.05,150, , 
294048,2940.48,133, , 
295527,2955.27,112, , 
296573,2965.73,115, , 
297877,2978.77,156, , 
298184,2981.84,144, , 
298479,2984.79,144, , 
298994,2989.94,124, , 
 , , , 5.0, 8.75
301993,3019.93,124, , 
302449,3024.49,126, , 
302594,3025.94,116, , 
302883,3028.83,111, , 
305780,3057.8,110, , 
306507,3065.07,104, , 
306751,3067.51,113, , 
307208,3072.08,118, , 
307425,3074.25,106, , 
308655,3086.55,103, , 
309425,3094.25,107, , 
311255,3112.55,111, , 
 , , , 7.5, 9.375
311490,3114.9,139, , 
311642,3116.42,150, , 
312230,3122.3,121, , 
313170,3131.7,108, , 
315209,3152.09,114, , 
315874,3158.74,140, , 
316412,3164.12,129, , 
316560,3165.6,144, , 
318117,3181.17,106, , 
319183,3191.83,106, , 
320458,3204.58,117, , 
320786,3207.86,125, , 
 , , , 7.5, 9.375
321411,3214.11,129, , 
321891,3218.91,113, , 
324267,3242.67,106, , 
324516,3245.16,115, , 
325023,3250.23,130, , 
325527,3255.27,149, , 
325979,3259.79,139, , 
326257,3262.57,138, , 
326554,3265.54,131, , 
327252,3272.52,124, , 
328203,3282.03,111, , 
328767,3287.67,110, , 
330158,3301.58,150, , 
330620,3306.2,133, , 
332168,3321.68,121, , 
 , , , 9.375, 9.375
334515,3345.15,152, , 
335195,3351.95,129, , 
335424,3354.24,118, , 
338868,3388.68,120, , 
339103,3391.03,155, , 
339250,3392.5,134, , 
339801,3398.01,134, , 
339850,3398.5,198, , 
339895,3398.95,156, , 
 , , , 5.625, 10.0
340207,3402.07,143, , 
340409,3404.09,148, , 
342391,3423.91,129, , 
343424,3434.24,140, , 
347059,3470.59,135, , 
348763,3487.63,112, , 
 , , , 3.75, 9.375
350004,3500.04,102, , 
351058,3510.58,125, , 
351344,3513.44,125, , 
352047,3520.47,117, , 
353832,3538.32,152, , 
354486,3544.86,118, , 
355220,3552.2,106, , 
356440,3564.4,110, , 
357503,3575.03,143, , 
357954,3579.54,126, , 
358180,3581.8,113, , 
 , , , 6.875, 10.0
360644,3606.44,125, , 
361237,3612.37,125, , 
361945,3619.45,105, , 
363954,3639.54,114, , 
364348,3643.48,161, , 
364784,3647.84,132, , 
 , , , 3.75, 8.75
369802,3698.02,112, , 
373282,3732.82,141, , 
373652,3736.52,126, , 
375596,3755.96,161, , 
378233,3782.33,123, , 
378470,3784.7,158, , 
 , , , 3.75, 9.375
380293,3802.93,201, , 
381654,3816.54,103, , 
383136,3831.36,140, , 
383432,3834.32,104, , 
383647,3836.47,120, , 
383935,3839.35,120, , 
387027,3870.27,113, , 
387282,3872.82,119, , 
387919,3879.19,114, , 
 , , , 5.625, 10.0
388427,3884.27,124, , 
389354,3893.54,113, , 
391119,3911.19,101, , 
391754,3917.54,107, , 
392322,3923.22,115, , 
392477,3924.77,117, , 
393135,3931.35,109, , 
394271,3942.71,106, , 
395874,3958.74,107, , 
397055,3970.55,110, , 
397459,3974.59,117, , 
 , , , 6.875, 11.25
397761,3977.61,135, , 
397977,3979.77,109, , 
399200,3992.0,114, , 
399637,3996.37,101, , 
401048,4010.48,109, , 
402156,4021.56,118, , 
405765,4057.65,110, , 
406249,4062.49,112, , 
406569,4065.69,127, , 
407048,4070.48,127, , 
407202,4072.02,135, , 
 , , , 6.875, 10.625
407625,4076.25,134, , 
407763,4077.63,119, , 
408777,4087.77,111, , 
409850,4098.5,111, , 
411584,4115.84,115, , 
411809,4118.09,146, , 
412095,4120.95,110, , 
412445,4124.45,121, , 
415597,4155.97,115, , 
415836,4158.36,123, , 
416071,4160.71,144, , 
416584,4165.84,118, , 
416800,4168.0,112, , 
 , , , 8.125, 10.0
417706,4177.06,101, , 
418444,4184.44,103, , 
420022,4200.22,130, , 
420340,4203.4,135, , 
420493,4204.93,122, , 
420775,4207.75,126, , 
423962,4239.62,113, , 
424293,4242.93,134, , 
424694,4246.94,100, , 
425090,4250.9,134, , 
425240,4252.4,153, , 
425529,4255.29,106, , 
426104,4261.04,100, , 
426553,4265.53,103, , 
426783,4267.83,103, , 
 , , , 9.375, 8.75
427550,4275.5,115, , 
429640,4296.4,205, , 
431394,4313.94,140, , 
433206,4332.06,158, , 
 , , , 2.5, 6.875
437136,4371.36,138, , 
440126,4401.26,111, , 
441697,4416.97,99, , 
441928,4419.28,96, , 
442774,4427.74,110, , 
443734,4437.34,101, , 
445480,4454.8,118, , 
445701,4457.01,108, , 
 , , , 5.0, 11.875
445916,4459.16,124, , 
447799,4477.99,105, , 
448340,4483.4,99, , 
449626,4496.26,108, , 
450598,4505.98,126, , 
450921,4509.21,117, , 
452091,4520.91,111, , 
453567,4535.67,146, , 
453786,4537.86,103, , 
 , , , 5.625, 10.0
455581,4555.81,97, , 
456857,4568.57,99, , 
457463,4574.63,112, , 
457920,4579.2,113, , 
458214,4582.14,139, , 
458424,4584.24,119, , 
458707,4587.07,118, , 
460007,4600.07,102, , 
462170,4621.7,105, , 
462640,4626.4,139, , 
463785,4637.85,102, , 
464411,4644.11,105, , 
 , , , 7.5, 7.5
466587,4665.87,101, , 
466817,4668.17,107, , 
467360,4673.6,124, , 
467860,4678.6,118, , 
471531,4715.31,121, , 
471756,4717.56,127, , 
472044,4720.44,116, , 
472391,4723.91,108, , 
474757,4747.57,101, , 
 , , , 5.625, 9.375
475309,4753.09,107, , 
476163,4761.63,140, , 
476451,4764.51,120, , 
478762,4787.62,105, , 
480138,4801.38,115, , 
480920,4809.2,144, , 
481646,4816.46,112, , 
484013,4840.13,116, , 
 , , , 5.0, 10.0
485436,4854.36,137, , 
485742,4857.42,124, , 
488423,4884.23,98, , 
489257,4892.57,113, , 
489813,4898.13,116, , 
490529,4905.29,115, , 
490881,4908.81,102, , 
493651,4936.51,105, , 
 , , , 5.0, 10.625
494230,4942.3,130, , 
495019,4950.19,119, , 
495229,4952.29,108, , 
497187,4971.87,106, , 
497653,4976.53,109, , 
498120,4981.2,113, , 
498894,4988.94,123, , 
499314,4993.14,119, , 
500296,5002.96,107, , 
501763,5017.63,96, , 
502632,5026.32,120, , 
 , , , 6.875, 9.375
504234,5042.34,101, , 
504536,5045.36,103, , 
505392,5053.92,153, , 
505604,5056.04,105, , 
505949,5059.49,110, , 
506226,5062.26,119, , 
506642,5066.42,96, , 
509347,5093.47,113, , 
 , , , 5.0, 9.375
513014,5130.14,96, , 
513560,5135.6,108, , 
514160,5141.6,98, , 
518348,5183.48,126, , 
518561,5185.61,112, , 
518988,5189.88,93, , 
522702,5227.02,110, , 
 , , , 4.375, 11.25
522929,5229.29,117, , 
523787,5237.87,92, , 
524470,5244.7,86, , 
527220,5272.2,117, , 
528714,5287.14,102, , 
529657,5296.57,92, , 
529907,5299.07,88, , 
531255,5312.55,118, , 
531480,5314.8,117, , 
 , , , 5.625, 9.375
535345,5353.45,124, , 
535789,5357.89,112, , 
536980,5369.8,89, , 
539022,5390.22,100, , 
539981,5399.81,120, , 
540275,5402.75,108, , 
540493,5404.93,99, , 
541478,5414.78,89, , 
541733,5417.33,92, , 
 , , , 5.625, 8.75
544634,5446.34,141, , 
544786,5447.86,146, , 
544935,5449.35,134, , 
545081,5450.81,140, , 
545227,5452.27,106, , 
545660,5456.6,109, , 
548830,5488.3,93, , 
549461,5494.61,123, , 
549684,5496.84,107, , 
549970,5499.7,100, , 
550255,5502.55,102, , 
 , , , 6.875, 9.375
552574,5525.74,94, , 
553514,5535.14,106, , 
554028,5540.28,116, , 
556828,5568.28,86, , 
557563,5575.63,109, , 
557987,5579.87,112, , 
558311,5583.11,143, , 
558611,5586.11,108, , 
 , , , 5.0, 8.75
562985,5629.85,131, , 
563495,5634.95,100, , 
563922,5639.22,102, , 
564446,5644.46,97, , 
568194,5681.94,108, , 
 , , , 3.125, 9.375
572256,5722.56,140, , 
572831,5728.31,100, , 
576276,5762.76,110, , 
576523,5765.23,116, , 
577119,5771.19,109, , 
 , , , 3.125, 10.625
580620,5806.2,143, , 
580922,5809.22,123, , 
581136,5811.36,138, , 
581559,5815.59,109, , 
583433,5834.33,95, , 
585059,5850.59,143, , 
585213,5852.13,110, , 
589584,5895.84,96, , 
 , , , 5.0, 10.625
589896,5898.96,141, , 
594305,5943.05,114, , 
598740,5987.4,229, , 
598998,5989.98,143, , 
 , , , 2.5, 8.75
600724,6007.24,106, , 
602849,6028.49,97, , 
605849,6058.49,119, , 
606576,6065.76,88, , 
 , , , 2.5, 9.375
609924,6099.24,104, , 
610143,6101.43,91, , 
610363,6103.63,113, , 
610582,6105.82,101, , 
614627,6146.27,130, , 
615054,6150.54,105, , 
615724,6157.24,93, , 
616366,6163.66,95, , 
 , , , 5.0, 9.375
619731,6197.31,132, , 
619878,6198.78,102, , 
620894,6208.94,94, , 
624183,6241.83,100, , 
625348,6253.48,137, , 
625586,6255.86,133, , 
 , , , 3.75, 6.25
631321,6313.21,125, , 
632337,6323.37,96, , 
633670,6336.7,102, , 
635357,6353.57,106, , 
635757,6357.57,121, , 
635988,6359.88,142, , 
636417,6364.17,117, , 
636919,6369.19,108, , 
 , , , 5.0, 5.0
639013,6390.13,93, , 
640257,6402.57,94, , 
640846,6408.46,109, , 
641313,6413.13,110, , 
642429,6424.29,113, , 
642943,6429.43,119, , 
643572,6435.72,103, , 
643818,6438.18,103, , 
646074,6460.74,132, , 
646362,6463.62,113, , 
646867,6468.67,100, , 
647874,6478.74,106, , 
 , , , 7.5, 4.375
652102,6521.02,110, , 
652662,6526.62,141, , 
653084,6530.84,120, , 
653219,6532.19,128, , 
653798,6537.98,122, , 
656182,6561.82,106, , 
656490,6564.9,96, , 
 , , , 4.375, 5.0
657014,6570.14,130, , 
657908,6579.08,116, , 
660555,6605.55,98, , 
660858,6608.58,108, , 
664890,6648.9,113, , 
665609,6656.09,117, , 
 , , , 3.75, 6.25
667415,6674.15,115, , 
668342,6683.42,138, , 
669436,6694.36,116, , 
670328,6703.28,102, , 
671518,6715.18,112, , 
673493,6734.93,103, , 
674283,6742.83,94, , 
674580,6745.8,128, , 
674934,6749.34,109, , 
675811,6758.11,103, , 
 , , , 6.25, 6.25
677324,6773.24,89, , 
677639,6776.39,106, , 
679284,6792.84,131, , 
679845,6798.45,105, , 
680343,6803.43,98, , 
680880,6808.8,104, , 
683744,6837.44,114, , 
683957,6839.57,111, , 
 , , , 5.0, 4.375
688257,6882.57,107, , 
689128,6891.28,142, , 
689623,6896.23,118, , 
690553,6905.53,98, , 
692083,6920.83,100, , 
692571,6925.71,107, , 
693470,6934.7,153, , 
694757,6947.57,110, , 
 , , , 5.0, 5.0
696605,6966.05,98, , 
697330,6973.3,107, , 
698458,6984.58,121, , 
699201,6992.01,112, , 
700756,7007.56,95, , 
702574,7025.74,106, , 
703579,7035.79,115, , 
704058,7040.58,96, , 
704557,7045.57,97, , 
 , , , 5.625, 5.625
705981,7059.81,138, , 
707860,7078.6,97, , 
710638,7106.38,100, , 
711200,7112.0,101, , 
711745,7117.45,96, , 
712118,7121.18,127, , 
 , , , 3.75, 5.625
714920,7149.2,91, , 
715888,7158.88,96, , 
717712,7177.12,105, , 
718919,7189.19,99, , 
719387,7193.87,114, , 
720581,7205.81,105, , 
722884,7228.84,103, , 
723578,7235.78,95, , 
 , , , 5.0, 5.625
724683,7246.83,102, , 
726142,7261.42,123, , 
727337,7273.37,102, , 
729340,7293.4,120, , 
729770,7297.7,99, , 
730038,7300.38,97, , 
731289,7312.89,87, , 
732769,7327.69,102, , 
 , , , 5.0, 6.875
734230,7342.3,128, , 
738456,7384.56,133, , 
739918,7399.18,98, , 
741817,7418.17,91, , 
742750,7427.5,144, , 
 , , , 3.125, 9.375
744278,7442.78,102, , 
747026,7470.26,92, , 
747561,7475.61,138, , 
747778,7477.78,100, , 
748126,7481.26,94, , 
751220,7512.2,88, , 
752252,7522.52,123, , 
 , , , 4.375, 9.375
754153,7541.53,88, , 
755296,7552.96,91, , 
755923,7559.23,106, , 
756386,7563.86,121, , 
756874,7568.74,101, , 
757876,7578.76,99, , 
759709,7597.09,92, , 
760289,7602.89,86, , 
760658,7606.58,97, , 
762078,7620.78,87, , 
 , , , 6.25, 10.0
764424,7644.24,94, , 
765323,7653.23,108, , 
765670,7656.7,94, , 
766485,7664.85,91, , 
766739,7667.39,98, , 
769229,7692.29,89, , 
769689,7696.89,137, , 
770520,7705.2,106, , 
773800,7738.0,99, , 
774036,7740.36,109, , 
774188,7741.88,91, , 
 , , , 6.875, 7.5
775100,7751.0,136, , 
775453,7754.53,147, , 
776439,7764.39,146, , 
777314,7773.14,162, , 
777863,7778.63,144, , 
781642,7816.42,144, , 
 , , , 3.75, 6.875
782111,7821.11,142, , 
782659,7826.59,123, , 
783338,7833.38,149, , 
784683,7846.83,148, , 
785865,7858.65,127, , 
787366,7873.66,139, , 
787737,7877.37,156, , 
788086,7880.86,144, , 
788716,7887.16,145, , 
789312,7893.12,142, , 
789559,7895.59,133, , 
790431,7904.31,147, , 
790912,7909.12,132, , 
 , , , 8.125, 10.0
791765,7917.65,136, , 
792082,7920.82,136, , 
792467,7924.67,132, , 
793510,7935.1,125, , 
794132,7941.32,127, , 
794652,7946.52,134, , 
795621,7956.21,135, , 
797990,7979.9,132, , 
798512,7985.12,123, , 
799031,7990.31,122, , 
799698,7996.98,140, , 
800151,8001.51,139, , 
800659,8006.59,127, , 
 , , , 8.125, 16.875
801455,8014.55,135, , 
802035,8020.35,125, , 
802693,8026.93,130, , 
802989,8029.89,127, , 
803648,8036.48,130, , 
804019,8040.19,130, , 
805509,8055.09,121, , 
806182,8061.82,132, , 
807129,8071.29,134, , 
807853,8078.53,123, , 
808725,8087.25,121, , 
809018,8090.18,130, , 
810538,8105.38,131, , 
 , , , 8.125, 20.625
810907,8109.07,123, , 
812235,8122.35,128, , 
812757,8127.57,130, , 
813483,8134.83,131, , 
814282,8142.82,131, , 
814644,8146.44,130, , 
815521,8155.21,134, , 
815963,8159.63,128, , 
816326,8163.26,126, , 
817422,8174.22,130, , 
817862,8178.62,130, , 
818588,8185.88,121, , 
819029,8190.29,131, , 
 , , , 8.125, 22.5
820262,8202.62,125, , 
821879,8218.79,129, , 
822250,8222.5,134, , 
822469,8224.69,119, , 
823116,8231.16,128, , 
823903,8239.03,137, , 
824473,8244.73,133, , 
826175,8261.75,126, , 
826458,8264.58,124, , 
828114,8281.14,130, , 
828694,8286.94,132, , 
828981,8289.81,130, , 
829266,8292.66,133, , 
 , , , 8.125, 20.0
829842,8298.42,141, , 
830204,8302.04,127, , 
830706,8307.06,138, , 
832225,8322.25,132, , 
832585,8325.85,140, , 
834037,8340.37,132, , 
834543,8345.43,126, , 
835272,8352.72,115, , 
836629,8366.29,128, , 
837366,8373.66,129, , 
838318,8383.18,133, , 
838603,8386.03,121, , 
839030,8390.3,131, , 
 , , , 8.125, 20.0
839957,8399.57,129, , 
840177,8401.77,118, , 
841065,8410.65,125, , 
841720,8417.2,132, , 
842306,8423.06,124, , 
843036,8430.36,131, , 
843610,8436.1,131, , 
844250,8442.5,129, , 
845469,8454.69,134, , 
845903,8459.03,135, , 
846122,8461.22,126, , 
847830,8478.3,129, , 
848479,8484.79,129, , 
 , , , 8.125, 22.5
849560,8495.6,118, , 
850062,8500.62,137, , 
850349,8503.49,130, , 
851277,8512.77,133, , 
851852,8518.52,129, , 
852351,8523.51,123, , 
852929,8529.29,128, , 
853365,8533.65,113, , 
854161,8541.61,142, , 
854885,8548.85,108, , 
855459,8554.59,129, , 
856321,8563.21,132, , 
857341,8573.41,131, , 
857908,8579.08,128, , 
 , , , 8.75, 21.875
858991,8589.91,132, , 
859780,8597.8,125, , 
860564,8605.64,137, , 
860988,8609.88,122, , 
862545,8625.45,124, , 
862898,8628.98,131, , 
863556,8635.56,132, , 
865367,8653.67,132, , 
866015,8660.15,129, , 
866573,8665.73,127, , 
867857,8678.57,130, , 
 , , , 6.875, 23.125
868288,8682.88,113, , 
868646,8686.46,126, , 
868929,8689.29,127, , 
870633,8706.33,131, , 
871195,8711.95,139, , 
871551,8715.51,130, , 
872337,8723.37,120, , 
872627,8726.27,130, , 
873269,8732.69,129, , 
873479,8734.79,115, , 
874259,8742.59,131, , 
875477,8754.77,126, , 
876063,8760.63,135, , 
876555,8765.55,129, , 
876767,8767.67,120, , 
877055,8770.55,130, , 
877568,8775.68,132, , 
 , , , 10.625, 21.875
878070,8780.7,131, , 
878703,8787.03,137, , 
879423,8794.23,136, , 
879787,8797.87,127, , 
880003,8800.03,134, , 
881009,8810.09,134, , 
881939,8819.39,129, , 
882292,8822.92,134, , 
883369,8833.69,131, , 
883861,8838.61,134, , 
885209,8852.09,130, , 
885484,8854.84,135, , 
885912,8859.12,125, , 
886691,8866.91,116, , 
 , , , 8.75, 20.625
887389,8873.89,137, , 
887885,8878.85,128, , 
888384,8883.84,134, , 
889101,8891.01,139, , 
889521,8895.21,124, , 
889810,8898.1,118, , 
891384,8913.84,132, , 
892391,8923.91,132, , 
892953,8929.53,141, , 
893945,8939.45,130, , 
894298,8942.98,125, , 
894722,8947.22,133, , 
895924,8959.24,123, , 
896216,8962.16,132, , 
 , , , 8.75, 17.5
897851,8978.51,133, , 
898137,8981.37,126, , 
898701,8987.01,126, , 
898911,8989.11,128, , 
899331,8993.31,126, , 
900454,9004.54,118, , 
900945,9009.45,134, , 
901369,9013.69,136, , 
901722,9017.22,132, , 
902275,9022.75,131, , 
903336,9033.36,130, , 
905700,9057.0,135, , 
 , , , 7.5, 20.0
907151,9071.51,119, , 
907427,9074.27,131, , 
908673,9086.73,135, , 
909086,9090.86,131, , 
909516,9095.16,135, , 
910421,9104.21,137, , 
910626,9106.26,118, , 
910902,9109.02,118, , 
912082,9120.82,121, , 
912987,9129.87,141, , 
914526,9145.26,133, , 
914807,9148.07,138, , 
915229,9152.29,127, , 
915781,9157.81,130, , 
 , , , 8.75, 19.375
916413,9164.13,122, , 
917396,9173.96,139, , 
917822,9178.22,127, , 
919289,9192.89,123, , 
920397,9203.97,136, , 
920677,9206.77,131, , 
921302,9213.02,136, , 
921579,9215.79,144, , 
922071,9220.71,121, , 
922423,9224.23,132, , 
925065,9250.65,129, , 
 , , , 6.875, 20.0
926176,9261.76,141, , 
926449,9264.49,136, , 
926791,9267.91,136, , 
927132,9271.32,133, , 
928363,9283.63,127, , 
928638,9286.38,138, , 
928984,9289.84,134, , 
929192,9291.92,125, , 
929609,9296.09,125, , 
930095,9300.95,131, , 
930438,9304.38,135, , 
931128,9311.28,122, , 
931335,9313.35,133, , 
932159,9321.59,139, , 
932781,9327.81,139, , 
933458,9334.58,133, , 
934000,9340.0,127, , 
 , , , 10.625, 15.625
935790,9357.9,127, , 
936480,9364.8,125, , 
937453,9374.53,122, , 
938037,9380.37,127, , 
938743,9387.43,134, , 
939551,9395.51,132, , 
940316,9403.16,142, , 
940666,9406.66,135, , 
942562,9425.62,138, , 
943537,9435.37,130, , 
944448,9444.48,132, , 
 , , , 6.875, 13.125
945478,9454.78,133, , 
946031,9460.31,127, , 
946304,9463.04,113, , 
946574,9465.74,130, , 
947133,9471.33,137, , 
949132,9491.32,111, , 
949549,9495.49,121, , 
950380,9503.8,127, , 
951004,9510.04,115, , 
952334,9523.34,132, , 
953226,9532.26,126, , 
 , , , 6.875, 19.375
954827,9548.27,129, , 
955856,9558.56,131, , 
956485,9564.85,132, , 
957040,9570.4,125, , 
957387,9573.87,132, , 
958505,9585.05,139, , 
959185,9591.85,123, , 
959742,9597.42,134, , 
960640,9606.4,134, , 
963111,9631.11,126, , 
963464,9634.64,137, , 
963811,9638.11,132, , 
 , , , 7.5, 21.875
964285,9642.85,131, , 
965325,9653.25,135, , 
965733,9657.33,134, , 
966146,9661.46,130, , 
966900,9669.0,119, , 
967172,9671.72,133, , 
971309,9713.09,127, , 
971787,9717.87,121, , 
972953,9729.53,130, , 
973225,9732.25,127, , 
973498,9734.98,120, , 
 , , , 6.875, 18.125
974054,9740.54,131, , 
974999,9749.99,120, , 
975346,9753.46,132, , 
975835,9758.35,131, , 
977323,9773.23,135, , 
977868,9778.68,127, , 
978883,9788.83,133, , 
979224,9792.24,131, , 
980028,9800.28,142, , 
980787,9807.87,131, , 
981124,9811.24,120, , 
981324,9813.24,142, , 
981662,9816.62,128, , 
981938,9819.38,126, , 
982209,9822.09,135, , 
982809,9828.09,128, , 
983077,9830.77,129, , 
 , , , 10.625, 15.625
983625,9836.25,129, , 
985125,9851.25,135, , 
985329,9853.29,134, , 
986138,9861.38,133, , 
986486,9864.86,130, , 
986758,9867.58,123, , 
987293,9872.93,120, , 
988180,9881.8,132, , 
988792,9887.92,127, , 
989065,9890.65,117, , 
989683,9896.83,120, , 
989953,9899.53,133, , 
990633,9906.33,133, , 
991318,9913.18,119, , 
991795,9917.95,140, , 
 , , , 9.375, 18.75
994641,9946.41,128, , 
995183,9951.83,131, , 
996600,9966.0,123, , 
997268,9972.68,137, , 
997738,9977.38,122, , 
998207,9982.07,131, , 
998540,9985.4,124, , 
998812,9988.12,143, , 
1000723,10007.23,134, , 
1000998,10009.98,139, , 
1002286,10022.86,138, , 
1002569,10025.69,120, , 
 , , , 7.5, 11.875
1003246,10032.46,111, , 
1003782,10037.82,124, , 
1004465,10044.65,121, , 
1005002,10050.02,121, , 
1005338,10053.38,131, , 
1005830,10058.3,126, , 
1006583,10065.83,130, , 
1007058,10070.58,128, , 
1008043,10080.43,127, , 
1008654,10086.54,129, , 
1009223,10092.23,135, , 
1009497,10094.97,123, , 
1009766,10097.66,129, , 
1011476,10114.76,121, , 
1011816,10118.16,117, , 
1012018,10120.18,126, , 
 , , , 10.0, 15.625
1013864,10138.64,138, , 
1016896,10168.96,111, , 
1019063,10190.63,121, , 
1020079,10200.79,128, , 
1020352,10203.52,141, , 
1021641,10216.41,126, , 
 , , , 3.75, 15.0
1022320,10223.2,124, , 
1022658,10226.58,133, , 
1022996,10229.96,127, , 
1024145,10241.45,131, , 
1024481,10244.81,123, , 
1024951,10249.51,126, , 
1025830,10258.3,132, , 
1026498,10264.98,124, , 
1027315,10273.15,131, , 
1028658,10286.58,135, , 
1029727,10297.27,110, , 
1030329,10303.29,142, , 
1030595,10305.95,132, , 
1031134,10311.34,131, , 
 , , , 8.75, 16.875
1031910,10319.1,125, , 
1032124,10321.24,134, , 
1032929,10329.29,135, , 
1033270,10332.7,133, , 
1033551,10335.51,144, , 
1034493,10344.93,110, , 
1034829,10348.29,140, , 
1036383,10363.83,127, , 
1036789,10367.89,136, , 
1037538,10375.38,128, , 
1038004,10380.04,133, , 
1038602,10386.02,130, , 
1038944,10389.44,132, , 
1039619,10396.19,125, , 
1039886,10398.86,125, , 
 , , , 9.375, 17.5
1041110,10411.1,121, , 
1041382,10413.82,127, , 
1041654,10416.54,125, , 
1042947,10429.47,122, , 
1043824,10438.24,131, , 
1044028,10440.28,120, , 
1044300,10443.0,126, , 
1044501,10445.01,135, , 
1044832,10448.32,136, , 
1045434,10454.34,129, , 
1045705,10457.05,125, , 
1046579,10465.79,134, , 
1047053,10470.53,118, , 
1047881,10478.81,114, , 
1049468,10494.68,127, , 
1049826,10498.26,135, , 
1050870,10508.7,119, , 
1051148,10511.48,127, , 
 , , , 11.25, 13.125
1051633,10516.33,123, , 
1053363,10533.63,125, , 
1054454,10544.54,149, , 
1054904,10549.04,256, , 
1056481,10564.81,151, , 
1057719,10577.19,144, , 
1058097,10580.97,133, , 
1059572,10595.72,122, , 
 , , , 5.0, 6.25
1060988,10609.88,144, , 
1061445,10614.45,125, , 
1061965,10619.65,133, , 
1062225,10622.25,129, , 
1064792,10647.92,106, , 
1065118,10651.18,136, , 
1065314,10653.14,147, , 
1065510,10655.1,124, , 
1065838,10658.38,157, , 
1068338,10683.38,116, , 
1068550,10685.5,158, , 
1068911,10689.11,137, , 
 , , , 7.5, 9.375
1070900,10709.0,132, , 
1071773,10717.73,159, , 
1072310,10723.1,144, , 
1072571,10725.71,143, , 
1072952,10729.52,135, , 
1073267,10732.67,137, , 
1074658,10746.58,134, , 
1075357,10753.57,122, , 
1075557,10755.57,155, , 
1075755,10757.55,120, , 
1076087,10760.87,141, , 
1076286,10762.86,138, , 
1076817,10768.17,150, , 
1077086,10770.86,128, , 
1079206,10792.06,154, , 
1080265,10802.65,138, , 
1081504,10815.04,114, , 
 , , , 10.625, 9.375
1081659,10816.59,125, , 
1082605,10826.05,133, , 
1082809,10828.09,147, , 
1082946,10829.46,173, , 
1083082,10830.82,143, , 
1083218,10832.18,183, , 
1083283,10832.83,128, , 
1083547,10835.47,146, , 
1084692,10846.92,179, , 
1086808,10868.08,164, , 
1087111,10871.11,171, , 
1087544,10875.44,150, , 
1088283,10882.83,148, , 
 , , , 8.125, 11.875
1089642,10896.42,148, , 
1090316,10903.16,131, , 
1090585,10905.85,138, , 
1090974,10909.74,174, , 
1091308,10913.08,144, , 
1092238,10922.38,163, , 
1092636,10926.36,196, , 
1093028,10930.28,177, , 
1093312,10933.12,183, , 
1094952,10949.52,142, , 
1098344,10983.44,135, , 
 , , , 6.875, 11.875
1098555,10985.55,157, , 
1101699,11016.99,135, , 
1102053,11020.53,133, , 
1102779,11027.79,128, , 
1105252,11052.52,147, , 
1105608,11056.08,153, , 
1105954,11059.54,149, , 
1106537,11065.37,143, , 
1107210,11072.1,152, , 
 , , , 5.625, 13.125
1109194,11091.94,116, , 
1109473,11094.73,174, , 
1109955,11099.55,149, , 
1110544,11105.44,146, , 
1113394,11133.94,122, , 
1114725,11147.25,140, , 
1115071,11150.71,149, , 
 , , , 4.375, 10.625
1117869,11178.69,166, , 
1125716,11257.16,162, , 
 , , , 1.25, 12.5
1128494,11284.94,206, , 
1128704,11287.04,187, , 
1128805,11288.05,216, , 
1129876,11298.76,145, , 
1135836,11358.36,140, , 
 , , , 3.125, 8.125
1139198,11391.98,107, , 
1139537,11395.37,125, , 
1139815,11398.15,137, , 
1140021,11400.21,132, , 
1142739,11427.39,130, , 
1143220,11432.2,116, , 
1143570,11435.7,137, , 
1144047,11440.47,119, , 
1144245,11442.45,109, , 
1144842,11448.42,138, , 
 , , , 6.25, 9.375
1146766,11467.66,121, , 
1147240,11472.4,118, , 
1147456,11474.56,105, , 
1147667,11476.67,103, , 
1147806,11478.06,143, , 
1148663,11486.63,135, , 
1148945,11489.45,143, , 
1149476,11494.76,125, , 
1151761,11517.61,135, , 
1152315,11523.15,131, , 
1154201,11542.01,118, , 
1155605,11556.05,125, , 
1155887,11558.87,142, , 
 , , , 8.125, 11.25
1156290,11562.9,133, , 
1156832,11568.32,134, , 
1158684,11586.84,121, , 
1159588,11595.88,106, , 
1159889,11598.89,161, , 
1160174,11601.74,133, , 
1160581,11605.81,137, , 
1163512,11635.12,114, , 
1164382,11643.82,151, , 
1164791,11647.91,106, , 
1165198,11651.98,131, , 
 , , , 6.875, 11.25
1168382,11683.82,158, , 
1168924,11689.24,120, , 
1169123,11691.23,124, , 
1172614,11726.14,131, , 
1173289,11732.89,116, , 
1174760,11747.6,112, , 
1176652,11766.52,137, , 
 , , , 4.375, 8.75
1176922,11769.22,149, , 
1177057,11770.57,147, , 
1177191,11771.91,127, , 
1179613,11796.13,111, , 
1180514,11805.14,109, , 
1180870,11808.7,152, , 
1181083,11810.83,144, , 
 , , , 4.375, 10.625
1185085,11850.85,127, , 
1185654,11856.54,125, , 
1185860,11858.6,148, , 
1188895,11888.95,123, , 
1189463,11894.63,147, , 
1190080,11900.8,139, , 
1190287,11902.87,124, , 
1193044,11930.44,121, , 
1193265,11932.65,145, , 
 , , , 5.625, 11.25
1195124,11951.24,130
1195540,11955.4,117
1196261,11962.61,119
1196971,11969.71,132
1197663,11976.63,145
1198004,11980.04,135
1198707,11987.07,131
1200613,12006.13,147
1201576,12015.76,141
1201782,12017.82,148
1203354,12033.54,140
1203551,12035.51,123
1204023,12040.23,141
1205654,12056.54,138
1205932,12059.32,141
1206213,12062.13,154
 , , , 8.0, 10.5
